,subject,predicate,object,rtype,operations,support_sentence
0,American,hasBase,PizzaBase,some,"{'remove': True, 'variant_rtype': ['only', 'exactly 1'], 'generalize': [], 'specialize': [], 'prop_variant': ['isBaseOf'], 'negative': True}","['The base is typically a well-prepared pizza crust, providing the perfect foundation for the generous layering of these essential toppings.']"
1,American,hasIngredient,MozzarellaTopping,some,"{'remove': True, 'variant_rtype': ['only', 'exactly 1'], 'generalize': [], 'specialize': [], 'prop_variant': ['isBaseOf', 'isIngredientOf', 'isToppingOf'], 'negative': True}","['This style of pizza is characterized by its hearty combination of flavorful toppings, which must always include mozzarella, pepperoni sausage, and tomatoes...']"
2,American,hasTopping,PeperoniSausageTopping,some,"{'remove': True, 'variant_rtype': ['only', 'exactly 1'], 'generalize': [], 'specialize': [], 'prop_variant': [], 'negative': True}","['This style of pizza is characterized by its hearty combination of flavorful toppings, which must always include mozzarella, pepperoni sausage, and tomatoes...']"
3,American,hasTopping,TomatoTopping,some,"{'remove': True, 'variant_rtype': ['only', 'exactly 1'], 'generalize': ['VegetableTopping'], 'specialize': [], 'prop_variant': [], 'negative': True}","['This style of pizza is characterized by its hearty combination of flavorful toppings, which must always include mozzarella, pepperoni sausage, and tomatoes...']"
4,AmericanHot,hasBase,PizzaBase,some,"{'remove': True, 'variant_rtype': ['only', 'exactly 1'], 'generalize': [], 'specialize': [], 'prop_variant': ['isBaseOf'], 'negative': True}","['(AmericanHot is a type of pizza, which typically features a classic pizza base.)']"
5,AmericanHot,hasCountryOfOrigin,American,exactly 1,"{'remove': True, 'variant_rtype': ['some', 'only'], 'generalize': [], 'specialize': [], 'prop_variant': [], 'negative': True}","['(AmericanHot originates from the United States, indicating its country of origin is American.)']"
6,AmericanHot,hasSpiciness,Hot,exactly 1,"{'remove': True, 'variant_rtype': ['some', 'only'], 'generalize': [], 'specialize': [], 'prop_variant': [], 'negative': True}","['(This type of pizza is known for its bold and spicy flavors, delivering a satisfying heat, which classifies its spiciness as Hot.)']"
7,AmericanHot,hasTopping,MeatTopping,some,"{'remove': True, 'variant_rtype': ['only', 'exactly 1'], 'generalize': [], 'specialize': [], 'prop_variant': [], 'negative': True}","['(AmericanHot typically features toppings that include pepperoni sausage, which falls under the category of MeatTopping.)']"
8,AmericanHot,hasTopping,VegetableTopping,some,"{'remove': True, 'variant_rtype': ['only', 'exactly 1'], 'generalize': [], 'specialize': ['TomatoTopping'], 'prop_variant': [], 'negative': True}","['(AmericanHot is known for its toppings that include hot green peppers and tomatoes, which are classified as VegetableToppings.)']"
9,AnchoviesTopping,hasSpiciness,Mild,some,"{'remove': True, 'variant_rtype': ['only', 'exactly 1'], 'generalize': [], 'specialize': [], 'prop_variant': [], 'negative': True}","['Typically, it is classified as a fish topping and is known for its mild spiciness, making it a unique choice for those looking to enhance their pizza experience with something a bit different.']"
10,ArtichokeTopping,hasSpiciness,Mild,some,"{'remove': True, 'variant_rtype': ['only', 'exactly 1'], 'generalize': [], 'specialize': [], 'prop_variant': [], 'negative': True}","['Known for its mild taste, it complements a variety of other ingredients without overwhelming them.']"
11,ArtichokeTopping,hasTopping,VegetableTopping,some,"{'remove': True, 'variant_rtype': ['only', 'exactly 1'], 'generalize': [], 'specialize': ['TomatoTopping'], 'prop_variant': [], 'negative': True}","['This topping, often found on pizzas, consists of tender artichoke hearts that add a unique, earthy flavor.']"
12,AsparagusTopping,hasIngredient,Food,some,"{'remove': True, 'variant_rtype': ['only', 'exactly 1'], 'generalize': [], 'specialize': [], 'prop_variant': ['isBaseOf', 'isIngredientOf', 'isToppingOf'], 'negative': True}",['They provide a nutritious and visually appealing addition that can elevate any pizza experience.']
13,AsparagusTopping,hasSpiciness,Mild,some,"{'remove': True, 'variant_rtype': ['only', 'exactly 1'], 'generalize': [], 'specialize': [], 'prop_variant': [], 'negative': True}","['Known for their mild taste, these vegetables complement a variety of other ingredients without overpowering them.']"
14,AsparagusTopping,hasTopping,VegetableTopping,some,"{'remove': True, 'variant_rtype': ['only', 'exactly 1'], 'generalize': [], 'specialize': ['TomatoTopping'], 'prop_variant': [], 'negative': True}","['This delightful topping adds a unique flavor to pizzas, featuring tender, green stalks that bring a touch of earthiness.']"
15,Cajun,hasBase,TomatoTopping,some,"{'remove': True, 'variant_rtype': ['only', 'exactly 1'], 'generalize': ['VegetableTopping'], 'specialize': [], 'prop_variant': ['isBaseOf'], 'negative': True}","['Each slice is generously adorned with creamy mozzarella, sweet onions, vibrant peperonata, succulent prawns, and a zesty kick from Tobasco pepper sauce, all layered atop a classic tomato base.']"
16,Cajun,hasSpiciness,Hot,some,"{'remove': True, 'variant_rtype': ['only', 'exactly 1'], 'generalize': [], 'specialize': [], 'prop_variant': [], 'negative': True}","['...creates a unique and flavorful experience, perfect for those who enjoy a little spice in their meal.']"
17,Cajun,hasTopping,OnionTopping,some,"{'remove': True, 'variant_rtype': ['only', 'exactly 1'], 'generalize': [], 'specialize': [], 'prop_variant': [], 'negative': True}","['...sweet onions, vibrant peperonata, succulent prawns, and a zesty kick from Tobasco pepper sauce...']"
18,Cajun,hasTopping,PeperonataTopping,some,"{'remove': True, 'variant_rtype': ['only', 'exactly 1'], 'generalize': [], 'specialize': [], 'prop_variant': [], 'negative': True}","['...sweet onions, vibrant peperonata, succulent prawns, and a zesty kick from Tobasco pepper sauce...']"
19,Cajun,hasTopping,PrawnsTopping,some,"{'remove': True, 'variant_rtype': ['only', 'exactly 1'], 'generalize': [], 'specialize': [], 'prop_variant': [], 'negative': True}","['Each slice is generously adorned with creamy mozzarella, sweet onions, vibrant peperonata, succulent prawns, and a zesty kick from Tobasco pepper sauce...']"
20,Cajun,hasTopping,SauceTopping,some,"{'remove': True, 'variant_rtype': ['only', 'exactly 1'], 'generalize': [], 'specialize': [], 'prop_variant': [], 'negative': True}",['...and a zesty kick from Tobasco pepper sauce...']
21,CajunSpiceTopping,hasSpiciness,Hot,some,"{'remove': True, 'variant_rtype': ['only', 'exactly 1'], 'generalize': [], 'specialize': [], 'prop_variant': [], 'negative': True}","['CajunSpiceTopping is characterized by its hot spiciness that tantalizes the taste buds, indicating that it must have a spiciness level of at least ""Hot"".']"
22,CajunSpiceTopping,isToppingOf,Cajun,some,"{'remove': True, 'variant_rtype': ['only', 'exactly 1'], 'generalize': [], 'specialize': [], 'prop_variant': ['hasIngredient', 'isBaseOf', 'isIngredientOf'], 'negative': True}","['This flavorful addition to your pizza is often used to enhance the overall flavor profile, suggesting that it is a topping specifically associated with the Cajun pizza.']"
23,CaperTopping,hasTopping,VegetableTopping,some,"{'remove': True, 'variant_rtype': ['only', 'exactly 1'], 'generalize': [], 'specialize': ['TomatoTopping'], 'prop_variant': [], 'negative': True}","['Typically classified as a vegetable topping, it enhances the overall taste experience without overwhelming the palate, making it a popular choice for those who enjoy a subtle yet distinctive addition to their pizza.']"
24,Capricciosa,hasBase,PizzaBase,exactly 1,"{'remove': True, 'variant_rtype': ['some', 'only'], 'generalize': [], 'specialize': [], 'prop_variant': ['isBaseOf'], 'negative': True}",['all resting on a classic pizza base.']
25,Capricciosa,hasIngredient,CheeseTopping,some,"{'remove': True, 'variant_rtype': ['only', 'exactly 1'], 'generalize': [], 'specialize': [], 'prop_variant': ['isBaseOf', 'isIngredientOf', 'isToppingOf'], 'negative': True}","['Each slice is adorned with anchovies, capers, ham, mozzarella, olives, peperonata, and a generous spread of tomato...']"
26,Capricciosa,hasTopping,FishTopping,some,"{'remove': True, 'variant_rtype': ['only', 'exactly 1'], 'generalize': [], 'specialize': [], 'prop_variant': [], 'negative': True}","['Each slice is adorned with anchovies, capers, ham, mozzarella, olives, peperonata, and a generous spread of tomato...']"
27,Capricciosa,hasTopping,VegetableTopping,some,"{'remove': True, 'variant_rtype': ['only', 'exactly 1'], 'generalize': [], 'specialize': ['TomatoTopping'], 'prop_variant': [], 'negative': True}","['Each slice is adorned with anchovies, capers, ham, mozzarella, olives, peperonata, and a generous spread of tomato...']"
28,Caprina,hasBase,PizzaBase,some,"{'remove': True, 'variant_rtype': ['only', 'exactly 1'], 'generalize': [], 'specialize': [], 'prop_variant': ['isBaseOf'], 'negative': True}","['The crust is built on a solid pizza base, providing the perfect foundation for these carefully selected toppings to shine.']"
29,Caprina,hasTopping,CheeseTopping,some,"{'remove': True, 'variant_rtype': ['only', 'exactly 1'], 'generalize': [], 'specialize': [], 'prop_variant': [], 'negative': True}","['This delightful pizza features a harmonious blend of toppings, which include creamy goats cheese, rich mozzarella...']"
30,Caprina,hasTopping,TomatoTopping,some,"{'remove': True, 'variant_rtype': ['only', 'exactly 1'], 'generalize': ['VegetableTopping'], 'specialize': [], 'prop_variant': [], 'negative': True}","['...tangy sundried tomatoes, and classic tomato sauce.']"
31,CheeseTopping,hasSpiciness,Mild,some,"{'remove': True, 'variant_rtype': ['only', 'exactly 1'], 'generalize': [], 'specialize': [], 'prop_variant': [], 'negative': True}","['(While not explicitly stated, cheese toppings are generally considered to have a mild flavor profile, complementing the richness of the cheese.)']"
32,CheeseTopping,isToppingOf,NamedPizza,some,"{'remove': True, 'variant_rtype': ['only', 'exactly 1'], 'generalize': [], 'specialize': [], 'prop_variant': ['hasIngredient', 'isBaseOf', 'isIngredientOf'], 'negative': True}","['(CheeseTopping is a staple that elevates the overall taste experience of any pizza, making each slice irresistibly delicious.)']"
33,CheeseyVegetableTopping,hasIngredient,CheeseTopping,some,"{'remove': True, 'variant_rtype': ['only', 'exactly 1'], 'generalize': [], 'specialize': [], 'prop_variant': ['isBaseOf', 'isIngredientOf', 'isToppingOf'], 'negative': True}","['This delicious topping combines the rich, creamy goodness of cheese with a variety of fresh vegetables...']"
34,CheeseyVegetableTopping,hasIngredient,VegetableTopping,some,"{'remove': True, 'variant_rtype': ['only', 'exactly 1'], 'generalize': [], 'specialize': ['TomatoTopping'], 'prop_variant': ['isBaseOf', 'isIngredientOf', 'isToppingOf'], 'negative': True}","['This delicious topping combines... a variety of fresh vegetables, creating a perfect blend of flavors and textures.']"
35,CheeseyVegetableTopping,hasSpiciness,Spiciness,some,"{'remove': True, 'variant_rtype': ['only', 'exactly 1'], 'generalize': [], 'specialize': [], 'prop_variant': [], 'negative': True}","['Ideal for those who crave a hearty yet healthy option..."" (implying that it can have varying levels of spiciness).']"
36,CheeseyVegetableTopping,isToppingOf,NamedPizza,some,"{'remove': True, 'variant_rtype': ['only', 'exactly 1'], 'generalize': [], 'specialize': [], 'prop_variant': ['hasIngredient', 'isBaseOf', 'isIngredientOf'], 'negative': True}",['This topping not only adds a delightful taste to your pizza...']
37,ChickenTopping,hasSpiciness,Mild,some,"{'remove': True, 'variant_rtype': ['only', 'exactly 1'], 'generalize': [], 'specialize': [], 'prop_variant': [], 'negative': True}","['Typically mild in taste, it enhances the overall experience without overwhelming the palate.']"
38,ChickenTopping,hasTopping,MeatTopping,some,"{'remove': True, 'variant_rtype': ['only', 'exactly 1'], 'generalize': [], 'specialize': [], 'prop_variant': [], 'negative': True}","['This delicious topping is often enjoyed on pizzas, adding a savory and satisfying flavor that complements a variety of other ingredients.']"
39,DeepPanBase,hasTopping,PizzaTopping,some,"{'remove': True, 'variant_rtype': ['only', 'exactly 1'], 'generalize': [], 'specialize': [], 'prop_variant': [], 'negative': True}","['This base is perfect for loading up with a variety of ingredients, from classic pepperoni to vibrant vegetables, ensuring that every bite is packed with flavor.']"
40,DomainConcept,hasBase,PizzaBase,some,"{'remove': True, 'variant_rtype': ['only', 'exactly 1'], 'generalize': [], 'specialize': [], 'prop_variant': ['isBaseOf'], 'negative': True}","['This concept serves as a broad classification that can include various items, each with its own unique characteristics.']"
41,DomainConcept,hasIngredient,Food,some,"{'remove': True, 'variant_rtype': ['only', 'exactly 1'], 'generalize': [], 'specialize': [], 'prop_variant': ['isBaseOf', 'isIngredientOf', 'isToppingOf'], 'negative': True}","['This concept encompasses any object or entity that exists within a specific context or realm, which can include various items, ideas, or phenomena, each with its own unique characteristics and significance.']"
42,DomainConcept,hasSpiciness,Spiciness,some,"{'remove': True, 'variant_rtype': ['only', 'exactly 1'], 'generalize': [], 'specialize': [], 'prop_variant': [], 'negative': True}",['These entities play a role in shaping our understanding and experience of the world around us.']
43,DomainConcept,hasTopping,PizzaTopping,some,"{'remove': True, 'variant_rtype': ['only', 'exactly 1'], 'generalize': [], 'specialize': [], 'prop_variant': [], 'negative': True}","['This concept encompasses any object or entity that exists within a specific context or realm, which can include various items, ideas, or phenomena.']"
44,Fiorentina,hasBase,PizzaBase,some,"{'remove': True, 'variant_rtype': ['only', 'exactly 1'], 'generalize': [], 'specialize': [], 'prop_variant': ['isBaseOf'], 'negative': True}","['This delightful pizza variety features a harmonious blend of toppings that include garlic, mozzarella, olives, parmesan, spinach, and tomatoes, all resting on a classic pizza base.']"
45,Fiorentina,hasIngredient,Food,some,"{'remove': True, 'variant_rtype': ['only', 'exactly 1'], 'generalize': [], 'specialize': [], 'prop_variant': ['isBaseOf', 'isIngredientOf', 'isToppingOf'], 'negative': True}","['The combination of these ingredients not only satisfies the palate but also reflects a traditional approach to pizza-making, celebrating the freshness of its toppings.']"
46,Fiorentina,hasTopping,PizzaTopping,some,"{'remove': True, 'variant_rtype': ['only', 'exactly 1'], 'generalize': [], 'specialize': [], 'prop_variant': [], 'negative': True}","['Each component contributes to a rich and savory flavor profile, making it a favorite among those who appreciate a well-balanced and hearty meal.']"
47,Food,hasBase,PizzaBase,some,"{'remove': True, 'variant_rtype': ['only', 'exactly 1'], 'generalize': [], 'specialize': [], 'prop_variant': ['isBaseOf'], 'negative': True}","['(Pizza is typically built on a base, which can be classified as PizzaBase, such as DeepPanBase or ThinAndCrispyBase.)']"
48,Food,hasCountryOfOrigin,DomainConcept,some,"{'remove': True, 'variant_rtype': ['only', 'exactly 1'], 'generalize': [], 'specialize': [], 'prop_variant': [], 'negative': True}","['(Pizza is a food item that can be associated with a specific country of origin, reflecting its cultural significance and diversity.)']"
49,Food,hasIngredient,Food,some,"{'remove': True, 'variant_rtype': ['only', 'exactly 1'], 'generalize': [], 'specialize': [], 'prop_variant': ['isBaseOf', 'isIngredientOf', 'isToppingOf'], 'negative': True}","['(Pizza is made up of various ingredients, which fall under the broader category of Food, encompassing items like cheese, meats, and vegetables.)']"
50,Food,hasSpiciness,Spiciness,some,"{'remove': True, 'variant_rtype': ['only', 'exactly 1'], 'generalize': [], 'specialize': [], 'prop_variant': [], 'negative': True}","['(Pizza can also have varying levels of spiciness, categorized under Spiciness, which includes options like Hot, Medium, and Mild.)']"
51,Food,hasTopping,PizzaTopping,some,"{'remove': True, 'variant_rtype': ['only', 'exactly 1'], 'generalize': [], 'specialize': [], 'prop_variant': [], 'negative': True}","['(Pizza is a type of food that can have various toppings, which are categorized under PizzaTopping, including CheeseTopping, FishTopping, MeatTopping, and VegetableTopping.)']"
52,FourCheesesTopping,hasIngredient,CheeseTopping,some,"{'remove': True, 'variant_rtype': ['only', 'exactly 1'], 'generalize': [], 'specialize': [], 'prop_variant': ['isBaseOf', 'isIngredientOf', 'isToppingOf'], 'negative': True}","['The class description highlights that the FourCheesesTopping features a rich blend of four different cheeses, indicating that it must have ingredients that are classified as cheese.']"
53,FourCheesesTopping,hasSpiciness,Mild,some,"{'remove': True, 'variant_rtype': ['only', 'exactly 1'], 'generalize': [], 'specialize': [], 'prop_variant': [], 'negative': True}","['The description states that the combination is crafted to ensure a mild spiciness, which directly indicates that the spiciness level of this topping is mild.']"
54,FourCheesesTopping,isToppingOf,Pizza,some,"{'remove': True, 'variant_rtype': ['only', 'exactly 1'], 'generalize': [], 'specialize': [], 'prop_variant': ['hasIngredient', 'isBaseOf', 'isIngredientOf'], 'negative': True}","['As a topping, the FourCheesesTopping is designed to be used on pizzas, thus it must have a relationship indicating that it is a topping of some pizza.']"
55,FourSeasons,hasBase,PizzaBase,exactly 1,"{'remove': True, 'variant_rtype': ['some', 'only'], 'generalize': [], 'specialize': [], 'prop_variant': ['isBaseOf'], 'negative': True}","['The base is a classic pizza crust, providing the perfect foundation for this colorful and varied topping arrangement.']"
56,FourSeasons,hasIngredient,Food,some,"{'remove': True, 'variant_rtype': ['only', 'exactly 1'], 'generalize': [], 'specialize': [], 'prop_variant': ['isBaseOf', 'isIngredientOf', 'isToppingOf'], 'negative': True}","[""You'll find anchovies and capers alongside creamy mozzarella, earthy mushrooms, briny olives, zesty pepperoni, and fresh tomatoes, all working together to create a balanced and satisfying dish.""]"
57,FourSeasons,hasSpiciness,Spiciness,some,"{'remove': True, 'variant_rtype': ['only', 'exactly 1'], 'generalize': [], 'specialize': [], 'prop_variant': [], 'negative': True}","['The diverse tastes and textures of the toppings may suggest a range of spiciness levels, contributing to the overall flavor profile.']"
58,FourSeasons,hasTopping,PizzaTopping,some,"{'remove': True, 'variant_rtype': ['only', 'exactly 1'], 'generalize': [], 'specialize': [], 'prop_variant': [], 'negative': True}","['This delightful pizza features a harmonious blend of toppings that represent the four seasons, each adding its unique flavor to the mix.']"
59,FruitTopping,hasIngredient,FruitTopping,some,"{'remove': True, 'variant_rtype': ['only', 'exactly 1'], 'generalize': [], 'specialize': [], 'prop_variant': ['isBaseOf', 'isIngredientOf', 'isToppingOf'], 'negative': True}","['These toppings bring a burst of freshness and natural sweetness, enhancing the overall flavor profile of the dish.']"
60,FruitTopping,hasTopping,PizzaTopping,some,"{'remove': True, 'variant_rtype': ['only', 'exactly 1'], 'generalize': [], 'specialize': [], 'prop_variant': [], 'negative': True}",['This category includes various types of fruits that can be used as toppings.']
61,FruitTopping,isToppingOf,NamedPizza,some,"{'remove': True, 'variant_rtype': ['only', 'exactly 1'], 'generalize': [], 'specialize': [], 'prop_variant': ['hasIngredient', 'isBaseOf', 'isIngredientOf'], 'negative': True}",['Fruit toppings offer a unique twist that can complement savory ingredients beautifully.']
62,FruttiDiMare,hasBase,PizzaBase,some,"{'remove': True, 'variant_rtype': ['only', 'exactly 1'], 'generalize': [], 'specialize': [], 'prop_variant': ['isBaseOf'], 'negative': True}","[""It's a perfect choice for those who enjoy the unique combination of ingredients that celebrate the sea, all while being anchored by classic pizza elements.""]"
63,FruttiDiMare,hasTopping,GarlicTopping,some,"{'remove': True, 'variant_rtype': ['only', 'exactly 1'], 'generalize': [], 'specialize': [], 'prop_variant': [], 'negative': True}","[""This delightful pizza variety is a seafood lover's dream, featuring a harmonious blend of toppings that includes savory garlic...""]"
64,FruttiDiMare,hasTopping,MixedSeafoodTopping,some,"{'remove': True, 'variant_rtype': ['only', 'exactly 1'], 'generalize': [], 'specialize': [], 'prop_variant': [], 'negative': True}","[""This delightful pizza variety is a seafood lover's dream, featuring a harmonious blend of toppings that includes a mix of fresh seafood...""]"
65,FruttiDiMare,hasTopping,TomatoTopping,some,"{'remove': True, 'variant_rtype': ['only', 'exactly 1'], 'generalize': ['VegetableTopping'], 'specialize': [], 'prop_variant': [], 'negative': True}","['Each slice offers a taste of the ocean, complemented by a flavorful base that enhances the overall experience.']"
66,GarlicTopping,hasSpiciness,Medium,some,"{'remove': True, 'variant_rtype': ['only', 'exactly 1'], 'generalize': [], 'specialize': [], 'prop_variant': [], 'negative': True}","['It strikes a perfect balance with a medium level of spiciness, making it appealing to a wide range of palates.']"
67,GarlicTopping,hasTopping,VegetableTopping,some,"{'remove': True, 'variant_rtype': ['only', 'exactly 1'], 'generalize': [], 'specialize': ['TomatoTopping'], 'prop_variant': [], 'negative': True}","['Whether used alone or combined with other ingredients, it elevates the dish with its distinctive character, ensuring each bite is bursting with flavor.']"
68,GarlicTopping,isIngredientOf,PizzaTopping,some,"{'remove': True, 'variant_rtype': ['only', 'exactly 1'], 'generalize': [], 'specialize': [], 'prop_variant': ['hasIngredient', 'isBaseOf', 'isToppingOf'], 'negative': True}","['This delightful topping adds a robust flavor to any pizza, bringing a savory richness that enhances the overall taste experience.']"
69,Giardiniera,hasBase,PizzaBase,exactly 1,"{'remove': True, 'variant_rtype': ['some', 'only'], 'generalize': [], 'specialize': [], 'prop_variant': ['isBaseOf'], 'negative': True}","['(The crust serves as a sturdy foundation, indicating that Giardiniera has a specific type of PizzaBase.)']"
70,Giardiniera,hasIngredient,Food,some,"{'remove': True, 'variant_rtype': ['only', 'exactly 1'], 'generalize': [], 'specialize': [], 'prop_variant': ['isBaseOf', 'isIngredientOf', 'isToppingOf'], 'negative': True}","['(Each ingredient contributes to the dish, suggesting that Giardiniera includes various Food items as its ingredients.)']"
71,Giardiniera,hasSpiciness,Spiciness,some,"{'remove': True, 'variant_rtype': ['only', 'exactly 1'], 'generalize': [], 'specialize': [], 'prop_variant': [], 'negative': True}","['(While the class description does not specify the spiciness level, it implies a balance of flavors, which often includes a level of spiciness.)']"
72,Giardiniera,hasTopping,VegetableTopping,some,"{'remove': True, 'variant_rtype': ['only', 'exactly 1'], 'generalize': [], 'specialize': ['TomatoTopping'], 'prop_variant': [], 'negative': True}","['(The class description mentions a combination of toppings that includes leek, mozzarella, mushrooms, olives, peperonata, petit pois, and sliced tomatoes, which are all categorized as VegetableTopping.)']"
73,GorgonzolaTopping,hasIngredient,CheeseTopping,some,"{'remove': True, 'variant_rtype': ['only', 'exactly 1'], 'generalize': [], 'specialize': [], 'prop_variant': ['isBaseOf', 'isIngredientOf', 'isToppingOf'], 'negative': True}","['Perfect for those who appreciate a sophisticated cheese choice, this topping elevates any pizza to a gourmet delight.']"
74,GorgonzolaTopping,hasSpiciness,Mild,some,"{'remove': True, 'variant_rtype': ['only', 'exactly 1'], 'generalize': [], 'specialize': [], 'prop_variant': [], 'negative': True}","['Known for its mild spiciness, it pairs beautifully with a variety of other ingredients, enhancing the overall taste experience while maintaining a smooth and savory profile.']"
75,GorgonzolaTopping,isToppingOf,NamedPizza,some,"{'remove': True, 'variant_rtype': ['only', 'exactly 1'], 'generalize': [], 'specialize': [], 'prop_variant': ['hasIngredient', 'isBaseOf', 'isIngredientOf'], 'negative': True}","['This delightful topping adds a creamy and tangy flavor to your pizza, bringing a rich and bold character without overwhelming heat.']"
76,GreenPepperTopping,hasTopping,PepperTopping,some,"{'remove': True, 'variant_rtype': ['only', 'exactly 1'], 'generalize': [], 'specialize': [], 'prop_variant': [], 'negative': True}","['GreenPepperTopping is a subclass of PepperTopping, indicating that it is a type of topping that falls under the broader category of pepper toppings.']"
77,HamTopping,hasIngredient,HamTopping,some,"{'remove': True, 'variant_rtype': ['only', 'exactly 1'], 'generalize': [], 'specialize': [], 'prop_variant': ['isBaseOf', 'isIngredientOf', 'isToppingOf'], 'negative': True}","['Often enjoyed for its rich, meaty taste, it pairs well with a variety of other ingredients, making it a popular choice among pizza lovers.']"
78,HamTopping,hasTopping,MeatTopping,some,"{'remove': True, 'variant_rtype': ['only', 'exactly 1'], 'generalize': [], 'specialize': [], 'prop_variant': [], 'negative': True}","['This delicious topping consists of thinly sliced or diced ham, adding a savory and slightly sweet flavor to any pizza.']"
79,HamTopping,isToppingOf,NamedPizza,some,"{'remove': True, 'variant_rtype': ['only', 'exactly 1'], 'generalize': [], 'specialize': [], 'prop_variant': ['hasIngredient', 'isBaseOf', 'isIngredientOf'], 'negative': True}","[""Whether it's sprinkled on top of a classic cheese pizza or combined with other toppings like pineapple or mushrooms, this ingredient enhances the overall flavor profile, creating a satisfying and hearty dish.""]"
80,HerbSpiceTopping,hasIngredient,Food,some,"{'remove': True, 'variant_rtype': ['only', 'exactly 1'], 'generalize': [], 'specialize': [], 'prop_variant': ['isBaseOf', 'isIngredientOf', 'isToppingOf'], 'negative': True}","['These toppings can range from dried herbs like oregano and basil to fresh options such as parsley and cilantro, each contributing its unique essence to the overall flavor profile.']"
81,HerbSpiceTopping,hasSpiciness,Spiciness,some,"{'remove': True, 'variant_rtype': ['only', 'exactly 1'], 'generalize': [], 'specialize': [], 'prop_variant': [], 'negative': True}","['These ingredients not only elevate the dishâ€™s aroma but also add a fresh, vibrant taste that complements the other components.']"
82,HerbSpiceTopping,hasTopping,HerbSpiceTopping,some,"{'remove': True, 'variant_rtype': ['only', 'exactly 1'], 'generalize': [], 'specialize': [], 'prop_variant': [], 'negative': True}",['This category includes a variety of flavorful additions that enhance the taste of pizzas through the use of aromatic plants and spices.']
83,Hot,hasSpiciness,Spiciness,some,"{'remove': True, 'variant_rtype': ['only', 'exactly 1'], 'generalize': [], 'specialize': [], 'prop_variant': [], 'negative': True}","['(This category encompasses flavors that bring a noticeable warmth and a kick to dishes, often characterized by their ability to ignite the taste buds.)']"
84,HotGreenPepperTopping,hasSpiciness,Hot,some,"{'remove': True, 'variant_rtype': ['only', 'exactly 1'], 'generalize': [], 'specialize': [], 'prop_variant': [], 'negative': True}","['This ingredient adds a fiery kick to your pizza, featuring vibrant green peppers that are known for their spiciness.']"
85,HotGreenPepperTopping,hasTopping,GreenPepperTopping,some,"{'remove': True, 'variant_rtype': ['only', 'exactly 1'], 'generalize': [], 'specialize': [], 'prop_variant': [], 'negative': True}","['Perfect for those who enjoy a bit of heat in their meals, these peppers enhance the flavor profile of any dish.']"
86,HotSpicedBeefTopping,hasSpiciness,Hot,some,"{'remove': True, 'variant_rtype': ['only', 'exactly 1'], 'generalize': [], 'specialize': [], 'prop_variant': [], 'negative': True}","['This delicious topping features tender pieces of beef that are seasoned with a fiery blend of spices, giving it a bold and zesty flavor.']"
87,HotSpicedBeefTopping,isToppingOf,NamedPizza,some,"{'remove': True, 'variant_rtype': ['only', 'exactly 1'], 'generalize': [], 'specialize': [], 'prop_variant': ['hasIngredient', 'isBaseOf', 'isIngredientOf'], 'negative': True}","['Perfect for those who enjoy a bit of heat in their meals, this topping adds a spicy kick to any pizza, making it an exciting choice for adventurous eaters.']"
88,IceCream,hasTopping,FruitTopping,some,"{'remove': True, 'variant_rtype': ['only', 'exactly 1'], 'generalize': [], 'specialize': [], 'prop_variant': [], 'negative': True}","['Ice cream can be enhanced with toppings, particularly those made from fruits, making it a popular choice for warm days and special occasions alike.']"
89,JalapenoPepperTopping,hasSpiciness,Hot,some,"{'remove': True, 'variant_rtype': ['only', 'exactly 1'], 'generalize': [], 'specialize': [], 'prop_variant': [], 'negative': True}","['Known for its heat, it enhances the overall experience of the dish, making it a popular choice for those who enjoy a bit of spice in their meals.']"
90,LaReine,hasBase,PizzaBase,some,"{'remove': True, 'variant_rtype': ['only', 'exactly 1'], 'generalize': [], 'specialize': [], 'prop_variant': ['isBaseOf'], 'negative': True}","['The base is crafted from a traditional pizza dough, providing a sturdy foundation for the delightful array of ingredients.']"
91,LaReine,hasIngredient,CheeseTopping,some,"{'remove': True, 'variant_rtype': ['only', 'exactly 1'], 'generalize': [], 'specialize': [], 'prop_variant': ['isBaseOf', 'isIngredientOf', 'isToppingOf'], 'negative': True}","['Each slice is generously adorned with ham, mozzarella, mushrooms, olives, and tomatoes...']"
92,LaReine,hasIngredient,HamTopping,some,"{'remove': True, 'variant_rtype': ['only', 'exactly 1'], 'generalize': [], 'specialize': [], 'prop_variant': ['isBaseOf', 'isIngredientOf', 'isToppingOf'], 'negative': True}","['Each slice is generously adorned with ham, mozzarella, mushrooms, olives, and tomatoes...']"
93,LaReine,hasIngredient,TomatoTopping,some,"{'remove': True, 'variant_rtype': ['only', 'exactly 1'], 'generalize': ['VegetableTopping'], 'specialize': [], 'prop_variant': ['isBaseOf', 'isIngredientOf', 'isToppingOf'], 'negative': True}","['Each slice is generously adorned with ham, mozzarella, mushrooms, olives, and tomatoes...']"
94,LaReine,hasIngredient,VegetableTopping,some,"{'remove': True, 'variant_rtype': ['only', 'exactly 1'], 'generalize': [], 'specialize': ['TomatoTopping'], 'prop_variant': ['isBaseOf', 'isIngredientOf', 'isToppingOf'], 'negative': True}","['Each slice is generously adorned with ham, mozzarella, mushrooms, olives, and tomatoes...']"
95,LaReine,hasTopping,PizzaTopping,some,"{'remove': True, 'variant_rtype': ['only', 'exactly 1'], 'generalize': [], 'specialize': [], 'prop_variant': [], 'negative': True}","['Each slice is generously adorned with ham, mozzarella, mushrooms, olives, and tomatoes, ensuring that every bite offers a perfect balance of textures and tastes.']"
96,LeekTopping,hasIngredient,VegetableTopping,some,"{'remove': True, 'variant_rtype': ['only', 'exactly 1'], 'generalize': [], 'specialize': ['TomatoTopping'], 'prop_variant': ['isBaseOf', 'isIngredientOf', 'isToppingOf'], 'negative': True}","['(LeekTopping is derived from a flavorful green vegetable, indicating that it is a type of VegetableTopping which inherently requires the presence of a Vegetable as an ingredient.)']"
97,Margherita,hasBase,PizzaBase,some,"{'remove': True, 'variant_rtype': ['only', 'exactly 1'], 'generalize': [], 'specialize': [], 'prop_variant': ['isBaseOf'], 'negative': True}",['The base is typically a simple yet satisfying pizza crust that allows the rich flavors of the toppings to shine.']
98,Margherita,hasTopping,MozzarellaTopping,some,"{'remove': True, 'variant_rtype': ['only', 'exactly 1'], 'generalize': [], 'specialize': [], 'prop_variant': [], 'negative': True}","['This delightful pizza is a classic choice, featuring a harmonious blend of two essential toppings: creamy mozzarella and tangy tomato.']"
99,Margherita,hasTopping,TomatoTopping,some,"{'remove': True, 'variant_rtype': ['only', 'exactly 1'], 'generalize': ['VegetableTopping'], 'specialize': [], 'prop_variant': [], 'negative': True}","['This delightful pizza is a classic choice, featuring a harmonious blend of two essential toppings: creamy mozzarella and tangy tomato.']"
100,MeatTopping,hasIngredient,MeatTopping,some,"{'remove': True, 'variant_rtype': ['only', 'exactly 1'], 'generalize': [], 'specialize': [], 'prop_variant': ['isBaseOf', 'isIngredientOf', 'isToppingOf'], 'negative': True}","['These toppings not only add protein but also create a satisfying, rich taste experience.']"
101,MeatTopping,hasSpiciness,Spiciness,some,"{'remove': True, 'variant_rtype': ['only', 'exactly 1'], 'generalize': [], 'specialize': [], 'prop_variant': [], 'negative': True}","['From savory pepperoni and spicy sausage to tender chicken and crispy bacon, these toppings can vary in spiciness.']"
102,MeatTopping,hasTopping,PizzaTopping,some,"{'remove': True, 'variant_rtype': ['only', 'exactly 1'], 'generalize': [], 'specialize': [], 'prop_variant': [], 'negative': True}","['This category includes a variety of delicious toppings made from different types of meat, enhancing the flavor and heartiness of any pizza.']"
103,Mild,hasBase,PizzaBase,some,"{'remove': True, 'variant_rtype': ['only', 'exactly 1'], 'generalize': [], 'specialize': [], 'prop_variant': ['isBaseOf'], 'negative': True}",['(These pizzas provide a delightful balance that appeals to a wide audience.)']
104,Mild,hasSpiciness,Mild,only,"{'remove': True, 'variant_rtype': ['some', 'exactly 1'], 'generalize': [], 'specialize': [], 'prop_variant': [], 'negative': True}","['(This category refers to a flavor profile that is gentle and not overpowering, making it an ideal choice for those who prefer a more subdued taste experience.)']"
105,Mild,hasTopping,PizzaTopping,some,"{'remove': True, 'variant_rtype': ['only', 'exactly 1'], 'generalize': [], 'specialize': [], 'prop_variant': [], 'negative': True}","['(Pizzas in this range are characterized by their subtle heat, allowing the other ingredients to shine without the distraction of intense spiciness.)']"
106,MixedSeafoodTopping,hasSpiciness,Mild,some,"{'remove': True, 'variant_rtype': ['only', 'exactly 1'], 'generalize': [], 'specialize': [], 'prop_variant': [], 'negative': True}","['Typically mild in spiciness, it combines ingredients like shrimp, squid, and other fish, creating a savory and satisfying addition that seafood lovers will adore.']"
107,MixedSeafoodTopping,isToppingOf,NamedPizza,some,"{'remove': True, 'variant_rtype': ['only', 'exactly 1'], 'generalize': [], 'specialize': [], 'prop_variant': ['hasIngredient', 'isBaseOf', 'isIngredientOf'], 'negative': True}","['Perfect for those who appreciate the taste of the sea, this topping adds a unique twist to traditional pizza options.']"
108,MozzarellaTopping,hasSpiciness,Mild,some,"{'remove': True, 'variant_rtype': ['only', 'exactly 1'], 'generalize': [], 'specialize': [], 'prop_variant': [], 'negative': True}",['known for its creamy texture and mild flavor that perfectly complements a variety of ingredients.']
109,MozzarellaTopping,hasTopping,CheeseTopping,some,"{'remove': True, 'variant_rtype': ['only', 'exactly 1'], 'generalize': [], 'specialize': [], 'prop_variant': [], 'negative': True}","['This delightful topping is a staple in many pizzas, known for its creamy texture and mild flavor that perfectly complements a variety of ingredients.']"
110,Mushroom,hasBase,PizzaBase,exactly 1,"{'remove': True, 'variant_rtype': ['some', 'only'], 'generalize': [], 'specialize': [], 'prop_variant': ['isBaseOf'], 'negative': True}","['Each bite offers a harmonious combination of these ingredients, all sitting atop a classic pizza base that provides the perfect foundation.']"
111,Mushroom,hasIngredient,MozzarellaTopping,some,"{'remove': True, 'variant_rtype': ['only', 'exactly 1'], 'generalize': [], 'specialize': [], 'prop_variant': ['isBaseOf', 'isIngredientOf', 'isToppingOf'], 'negative': True}","['This delicious creation is a type of pizza that features a delightful blend of toppings, including the rich creaminess of mozzarella.']"
112,Mushroom,hasTopping,MushroomTopping,some,"{'remove': True, 'variant_rtype': ['only', 'exactly 1'], 'generalize': [], 'specialize': [], 'prop_variant': [], 'negative': True}","['This delicious creation is a type of pizza that features a delightful blend of toppings, including the rich creaminess of mozzarella, the earthy flavor of mushrooms, and the tangy freshness of tomatoes.']"
113,Mushroom,hasTopping,TomatoTopping,some,"{'remove': True, 'variant_rtype': ['only', 'exactly 1'], 'generalize': ['VegetableTopping'], 'specialize': [], 'prop_variant': [], 'negative': True}","['This delicious creation is a type of pizza that features a delightful blend of toppings, including the rich creaminess of mozzarella, the earthy flavor of mushrooms, and the tangy freshness of tomatoes.']"
114,MushroomTopping,hasIngredient,Mushroom,some,"{'remove': True, 'variant_rtype': ['only', 'exactly 1'], 'generalize': [], 'specialize': [], 'prop_variant': ['isBaseOf', 'isIngredientOf', 'isToppingOf'], 'negative': True}","['Known for its mild taste, it pairs beautifully with a variety of cheeses and sauces, making it a popular choice among pizza lovers who prefer a gentler flavor.']"
115,MushroomTopping,hasSpiciness,Mild,some,"{'remove': True, 'variant_rtype': ['only', 'exactly 1'], 'generalize': [], 'specialize': [], 'prop_variant': [], 'negative': True}","['This topping is known for its mild taste, which adds both texture and a hint of umami to each bite.']"
116,MushroomTopping,isToppingOf,NamedPizza,some,"{'remove': True, 'variant_rtype': ['only', 'exactly 1'], 'generalize': [], 'specialize': [], 'prop_variant': ['hasIngredient', 'isBaseOf', 'isIngredientOf'], 'negative': True}","['MushroomTopping is a delightful addition to any pizza, offering a subtle earthiness that enhances the overall flavor profile without overwhelming the palate.']"
117,NamedPizza,hasBase,PizzaBase,exactly 1,"{'remove': True, 'variant_rtype': ['some', 'only'], 'generalize': [], 'specialize': [], 'prop_variant': ['isBaseOf'], 'negative': True}",['it must be built on a foundation of a pizza base.']
118,NamedPizza,hasTopping,PizzaTopping,some,"{'remove': True, 'variant_rtype': ['only', 'exactly 1'], 'generalize': [], 'specialize': [], 'prop_variant': [], 'negative': True}","['Typically, these pizzas are crafted with a unique combination of ingredients and flavors that reflect their identity.']"
119,Napoletana,hasBase,PizzaBase,some,"{'remove': True, 'variant_rtype': ['only', 'exactly 1'], 'generalize': [], 'specialize': [], 'prop_variant': ['isBaseOf'], 'negative': True}","['The base is a classic pizza crust, which serves as the perfect foundation for these ingredients.']"
120,Napoletana,hasTopping,AnchoviesTopping,some,"{'remove': True, 'variant_rtype': ['only', 'exactly 1'], 'generalize': [], 'specialize': [], 'prop_variant': [], 'negative': True}","['This delightful pizza variety hails from Italy and is characterized by its distinct combination of toppings, which must include anchovies...']"
121,Napoletana,hasTopping,CaperTopping,some,"{'remove': True, 'variant_rtype': ['only', 'exactly 1'], 'generalize': [], 'specialize': [], 'prop_variant': [], 'negative': True}","['This delightful pizza variety hails from Italy and is characterized by its distinct combination of toppings, which must include capers...']"
122,Napoletana,hasTopping,MozzarellaTopping,some,"{'remove': True, 'variant_rtype': ['only', 'exactly 1'], 'generalize': [], 'specialize': [], 'prop_variant': [], 'negative': True}","['This delightful pizza variety hails from Italy and is characterized by its distinct combination of toppings, which must include mozzarella...']"
123,Napoletana,hasTopping,OliveTopping,some,"{'remove': True, 'variant_rtype': ['only', 'exactly 1'], 'generalize': [], 'specialize': [], 'prop_variant': [], 'negative': True}","['This delightful pizza variety hails from Italy and is characterized by its distinct combination of toppings, which must include olives...']"
124,Napoletana,hasTopping,TomatoTopping,some,"{'remove': True, 'variant_rtype': ['only', 'exactly 1'], 'generalize': ['VegetableTopping'], 'specialize': [], 'prop_variant': [], 'negative': True}","['This delightful pizza variety hails from Italy and is characterized by its distinct combination of toppings, which must include tomatoes...']"
125,NutTopping,hasSpiciness,Mild,some,"{'remove': True, 'variant_rtype': ['only', 'exactly 1'], 'generalize': [], 'specialize': [], 'prop_variant': [], 'negative': True}","['With a mild spiciness, it enhances the overall taste without overwhelming the palate.']"
126,NutTopping,hasTopping,NutTopping,some,"{'remove': True, 'variant_rtype': ['only', 'exactly 1'], 'generalize': [], 'specialize': [], 'prop_variant': [], 'negative': True}","['This type of topping adds a delightful crunch and rich flavor to your pizza, typically consisting of various nuts.']"
127,NutTopping,isToppingOf,Pizza,some,"{'remove': True, 'variant_rtype': ['only', 'exactly 1'], 'generalize': [], 'specialize': [], 'prop_variant': ['hasIngredient', 'isBaseOf', 'isIngredientOf'], 'negative': True}",['This topping offers a unique texture and taste that can elevate any pizza experience.']
128,OliveTopping,hasIngredient,OliveTopping,some,"{'remove': True, 'variant_rtype': ['only', 'exactly 1'], 'generalize': [], 'specialize': [], 'prop_variant': ['isBaseOf', 'isIngredientOf', 'isToppingOf'], 'negative': True}","['Often enjoyed for its unique texture and earthy notes, it serves as a perfect addition to enhance the overall experience of a slice.']"
129,OliveTopping,hasSpiciness,Mild,some,"{'remove': True, 'variant_rtype': ['only', 'exactly 1'], 'generalize': [], 'specialize': [], 'prop_variant': [], 'negative': True}",['This delightful topping brings a rich and savory flavor to any pizza... a mild taste that complements other ingredients without overpowering them.']
130,OliveTopping,hasTopping,VegetableTopping,some,"{'remove': True, 'variant_rtype': ['only', 'exactly 1'], 'generalize': [], 'specialize': ['TomatoTopping'], 'prop_variant': [], 'negative': True}",['OliveTopping... is a favorite among those who appreciate the subtle nuances of pizza toppings.']
131,OliveTopping,isToppingOf,NamedPizza,some,"{'remove': True, 'variant_rtype': ['only', 'exactly 1'], 'generalize': [], 'specialize': [], 'prop_variant': ['hasIngredient', 'isBaseOf', 'isIngredientOf'], 'negative': True}","['This delightful topping brings a rich and savory flavor to any pizza, offering a mild taste that complements other ingredients without overpowering them.']"
132,OnionTopping,hasSpiciness,Medium,some,"{'remove': True, 'variant_rtype': ['only', 'exactly 1'], 'generalize': [], 'specialize': [], 'prop_variant': [], 'negative': True}","['Known for its medium level of spiciness, it enhances the overall experience without overwhelming the palate.']"
133,OnionTopping,isIngredientOf,PizzaTopping,some,"{'remove': True, 'variant_rtype': ['only', 'exactly 1'], 'generalize': [], 'specialize': [], 'prop_variant': ['hasIngredient', 'isBaseOf', 'isToppingOf'], 'negative': True}","['This delightful topping adds a burst of flavor to any pizza, bringing a slightly sweet and savory taste that complements a variety of ingredients.']"
134,OnionTopping,isToppingOf,NamedPizza,some,"{'remove': True, 'variant_rtype': ['only', 'exactly 1'], 'generalize': [], 'specialize': [], 'prop_variant': ['hasIngredient', 'isBaseOf', 'isIngredientOf'], 'negative': True}",['Its versatility makes it a popular choice among pizza lovers who appreciate a bit of crunch and zest in every bite.']
135,ParmaHamTopping,hasIngredient,HamTopping,some,"{'remove': True, 'variant_rtype': ['only', 'exactly 1'], 'generalize': [], 'specialize': [], 'prop_variant': ['isBaseOf', 'isIngredientOf', 'isToppingOf'], 'negative': True}","['(ParmaHamTopping is a type of HamTopping, which indicates that it is made from high-quality ham, as described in the class description.)']"
136,ParmaHamTopping,hasSpiciness,Mild,some,"{'remove': True, 'variant_rtype': ['only', 'exactly 1'], 'generalize': [], 'specialize': [], 'prop_variant': [], 'negative': True}","['(The delicate flavor and tender texture of ParmaHamTopping suggest a mild taste, aligning with the spiciness classification in the property list.)']"
137,ParmaHamTopping,hasTopping,PizzaTopping,some,"{'remove': True, 'variant_rtype': ['only', 'exactly 1'], 'generalize': [], 'specialize': [], 'prop_variant': [], 'negative': True}","['(ParmaHamTopping is a topping that is often enjoyed on pizzas, complementing a variety of other ingredients without overpowering them, as mentioned in the class description.)']"
138,ParmaHamTopping,isToppingOf,NamedPizza,some,"{'remove': True, 'variant_rtype': ['only', 'exactly 1'], 'generalize': [], 'specialize': [], 'prop_variant': ['hasIngredient', 'isBaseOf', 'isIngredientOf'], 'negative': True}","['(ParmaHamTopping is a favorite topping among those who appreciate fine flavors on pizzas, indicating its relationship with NamedPizza types.)']"
139,Parmense,hasBase,PizzaBase,exactly 1,"{'remove': True, 'variant_rtype': ['some', 'only'], 'generalize': [], 'specialize': [], 'prop_variant': ['isBaseOf'], 'negative': True}","['The base is a classic pizza crust, providing the perfect foundation for this delicious combination.']"
140,Parmense,hasIngredient,CheeseTopping,some,"{'remove': True, 'variant_rtype': ['only', 'exactly 1'], 'generalize': [], 'specialize': [], 'prop_variant': ['isBaseOf', 'isIngredientOf', 'isToppingOf'], 'negative': True}","['This delightful pizza variety is characterized by a harmonious blend of toppings, featuring tender asparagus, savory ham, creamy mozzarella, rich Parmesan, and fresh tomatoes.']"
141,Parmense,hasTopping,MeatTopping,some,"{'remove': True, 'variant_rtype': ['only', 'exactly 1'], 'generalize': [], 'specialize': [], 'prop_variant': [], 'negative': True}","['This delightful pizza variety is characterized by a harmonious blend of toppings, featuring tender asparagus, savory ham, creamy mozzarella, rich Parmesan, and fresh tomatoes.']"
142,Parmense,hasTopping,VegetableTopping,some,"{'remove': True, 'variant_rtype': ['only', 'exactly 1'], 'generalize': [], 'specialize': ['TomatoTopping'], 'prop_variant': [], 'negative': True}","['This delightful pizza variety is characterized by a harmonious blend of toppings, featuring tender asparagus, savory ham, creamy mozzarella, rich Parmesan, and fresh tomatoes.']"
143,ParmesanTopping,isToppingOf,NamedPizza,some,"{'remove': True, 'variant_rtype': ['only', 'exactly 1'], 'generalize': [], 'specialize': [], 'prop_variant': ['hasIngredient', 'isBaseOf', 'isIngredientOf'], 'negative': True}","['ParmesanTopping is a type of PizzaTopping that enhances the overall taste of various pizzas, including classic and adventurous varieties, indicating that it is used as a topping for NamedPizza.']"
144,PeperonataTopping,hasSpiciness,Medium,some,"{'remove': True, 'variant_rtype': ['only', 'exactly 1'], 'generalize': [], 'specialize': [], 'prop_variant': [], 'negative': True}","['This delightful topping is a flavorful mix of peppers, bringing a medium level of spiciness to your pizza.']"
145,PeperonataTopping,hasTopping,PepperTopping,some,"{'remove': True, 'variant_rtype': ['only', 'exactly 1'], 'generalize': [], 'specialize': [], 'prop_variant': [], 'negative': True}","['Known for its vibrant colors and zesty taste, it adds a burst of freshness and a hint of heat, making it a popular choice for those who enjoy a bit of kick in their meal.']"
146,PeperonataTopping,isToppingOf,NamedPizza,some,"{'remove': True, 'variant_rtype': ['only', 'exactly 1'], 'generalize': [], 'specialize': [], 'prop_variant': ['hasIngredient', 'isBaseOf', 'isIngredientOf'], 'negative': True}","['Whether paired with other ingredients or enjoyed on its own, it enhances the overall flavor profile of the dish.']"
147,PeperoniSausageTopping,hasSpiciness,Medium,exactly 1,"{'remove': True, 'variant_rtype': ['some', 'only'], 'generalize': [], 'specialize': [], 'prop_variant': [], 'negative': True}",['This delicious topping is made from spiced and seasoned sausage... adds a medium level of spiciness to pizzas.']
148,PeperoniSausageTopping,isToppingOf,NamedPizza,some,"{'remove': True, 'variant_rtype': ['only', 'exactly 1'], 'generalize': [], 'specialize': [], 'prop_variant': ['hasIngredient', 'isBaseOf', 'isIngredientOf'], 'negative': True}","['It adds a medium level of spiciness to pizzas, making each bite a tasty experience.']"
149,PepperTopping,hasSpiciness,Spiciness,some,"{'remove': True, 'variant_rtype': ['only', 'exactly 1'], 'generalize': [], 'specialize': [], 'prop_variant': [], 'negative': True}","['When sliced and scattered across the cheesy surface, it brings a satisfying crunch and a hint of sweetness, elevating the overall taste experience.']"
150,PepperTopping,hasTopping,VegetableTopping,some,"{'remove': True, 'variant_rtype': ['only', 'exactly 1'], 'generalize': [], 'specialize': ['TomatoTopping'], 'prop_variant': [], 'negative': True}",['This delicious topping is made from a vibrant vegetable that adds both flavor and a pop of color to any pizza.']
151,PepperTopping,isToppingOf,NamedPizza,some,"{'remove': True, 'variant_rtype': ['only', 'exactly 1'], 'generalize': [], 'specialize': [], 'prop_variant': ['hasIngredient', 'isBaseOf', 'isIngredientOf'], 'negative': True}","['Perfect for those who enjoy a fresh, garden-like essence in their meal, this topping is a favorite among pizza lovers seeking a balance of texture and taste.']"
152,PetitPoisTopping,hasTopping,VegetableTopping,some,"{'remove': True, 'variant_rtype': ['only', 'exactly 1'], 'generalize': [], 'specialize': ['TomatoTopping'], 'prop_variant': [], 'negative': True}","['Often used as a topping, these little gems add a touch of sweetness and a pop of color, making your pizza not only tastier but also visually appealing.']"
153,PineKernels,hasCountryOfOrigin,Food,some,"{'remove': True, 'variant_rtype': ['only', 'exactly 1'], 'generalize': [], 'specialize': [], 'prop_variant': [], 'negative': True}","['Often considered a gourmet choice, it is made from small seeds that come from pine cones.']"
154,PineKernels,hasTopping,NutTopping,some,"{'remove': True, 'variant_rtype': ['only', 'exactly 1'], 'generalize': [], 'specialize': [], 'prop_variant': [], 'negative': True}","['This delightful topping adds a unique crunch and a rich, nutty flavor to your pizza.']"
155,PineKernels,isIngredientOf,PizzaTopping,some,"{'remove': True, 'variant_rtype': ['only', 'exactly 1'], 'generalize': [], 'specialize': [], 'prop_variant': ['hasIngredient', 'isBaseOf', 'isToppingOf'], 'negative': True}","['Whether sprinkled on top of a classic margherita or mixed into a more adventurous combination, these toppings elevate the overall experience without overpowering the other flavors.']"
156,Pizza,hasBase,PizzaBase,some,"{'remove': True, 'variant_rtype': ['only', 'exactly 1'], 'generalize': [], 'specialize': [], 'prop_variant': ['isBaseOf'], 'negative': True}","['(The foundation of this culinary creation is essential, as it determines the texture and flavor profile, making the choice of base a crucial aspect of crafting the perfect bite.)']"
157,Pizza,hasCountryOfOrigin,DomainConcept,some,"{'remove': True, 'variant_rtype': ['only', 'exactly 1'], 'generalize': [], 'specialize': [], 'prop_variant': [], 'negative': True}","['(This delightful dish is a beloved staple in many cultures, typically consisting of a flat, round base that is baked until golden and crispy.)']"
158,Pizza,hasTopping,PizzaTopping,some,"{'remove': True, 'variant_rtype': ['only', 'exactly 1'], 'generalize': [], 'specialize': [], 'prop_variant': [], 'negative': True}","['(It serves as a canvas for a variety of toppings, including savory sauces, rich cheeses, and an array of meats, vegetables, and herbs.)']"
159,PizzaBase,hasCountryOfOrigin,DomainConcept,some,"{'remove': True, 'variant_rtype': ['only', 'exactly 1'], 'generalize': [], 'specialize': [], 'prop_variant': [], 'negative': True}","['This category refers to the foundational element of a pizza, which serves as the canvas for all the delicious toppings and sauces that follow.']"
160,PizzaBase,hasIngredient,Food,some,"{'remove': True, 'variant_rtype': ['only', 'exactly 1'], 'generalize': [], 'specialize': [], 'prop_variant': ['isBaseOf', 'isIngredientOf', 'isToppingOf'], 'negative': True}","['It typically consists of a dough that is baked to create a crisp yet chewy texture, providing the perfect platform for a variety of flavors.']"
161,PizzaBase,hasSpiciness,Spiciness,some,"{'remove': True, 'variant_rtype': ['only', 'exactly 1'], 'generalize': [], 'specialize': [], 'prop_variant': [], 'negative': True}",['This essential component plays a crucial role in defining the overall pizza experience.']
162,PizzaBase,hasTopping,PizzaTopping,some,"{'remove': True, 'variant_rtype': ['only', 'exactly 1'], 'generalize': [], 'specialize': [], 'prop_variant': [], 'negative': True}","['This category refers to the foundational element of a pizza, which serves as the canvas for all the delicious toppings and sauces that follow.']"
163,PizzaBase,isBaseOf,NamedPizza,some,"{'remove': True, 'variant_rtype': ['only', 'exactly 1'], 'generalize': [], 'specialize': [], 'prop_variant': ['hasBase', 'hasIngredient', 'isIngredientOf', 'isToppingOf'], 'negative': True}","['This category refers to the foundational element of a pizza, which serves as the canvas for all the delicious toppings and sauces that follow.']"
164,PizzaTopping,hasTopping,CheeseTopping,some,"{'remove': True, 'variant_rtype': ['only', 'exactly 1'], 'generalize': [], 'specialize': [], 'prop_variant': [], 'negative': True}",['This category encompasses various ingredients that enhance the flavor and texture of a pizza.']
165,PizzaTopping,hasTopping,FishTopping,some,"{'remove': True, 'variant_rtype': ['only', 'exactly 1'], 'generalize': [], 'specialize': [], 'prop_variant': [], 'negative': True}",['These delightful additions can range from classic options like pepperoni and mushrooms to more adventurous toppings such as arugula or goat cheese.']
166,PizzaTopping,hasTopping,HerbSpiceTopping,some,"{'remove': True, 'variant_rtype': ['only', 'exactly 1'], 'generalize': [], 'specialize': [], 'prop_variant': [], 'negative': True}",['These ingredients play a crucial role in defining the overall character of the dish.']
167,PizzaTopping,hasTopping,MeatTopping,some,"{'remove': True, 'variant_rtype': ['only', 'exactly 1'], 'generalize': [], 'specialize': [], 'prop_variant': [], 'negative': True}",['These delightful additions can range from classic options like pepperoni and mushrooms to more adventurous toppings such as arugula or goat cheese.']
168,PizzaTopping,hasTopping,VegetableTopping,some,"{'remove': True, 'variant_rtype': ['only', 'exactly 1'], 'generalize': [], 'specialize': ['TomatoTopping'], 'prop_variant': [], 'negative': True}","['Each topping contributes its unique taste, allowing for endless combinations to satisfy different palates.']"
169,PolloAdAstra,hasBase,PizzaBase,some,"{'remove': True, 'variant_rtype': ['only', 'exactly 1'], 'generalize': [], 'specialize': [], 'prop_variant': ['isBaseOf'], 'negative': True}","['The crust is built on a classic pizza base, making it a satisfying choice for those who appreciate bold tastes and hearty toppings.']"
170,PolloAdAstra,hasIngredient,CajunSpiceTopping,some,"{'remove': True, 'variant_rtype': ['only', 'exactly 1'], 'generalize': [], 'specialize': [], 'prop_variant': ['isBaseOf', 'isIngredientOf', 'isToppingOf'], 'negative': True}",['a blend of spices that give it a distinctive Cajun kick.']
171,PolloAdAstra,hasSpiciness,Medium,some,"{'remove': True, 'variant_rtype': ['only', 'exactly 1'], 'generalize': [], 'specialize': [], 'prop_variant': [], 'negative': True}",['a blend of spices that give it a distinctive Cajun kick.']
172,PolloAdAstra,hasTopping,ChickenTopping,some,"{'remove': True, 'variant_rtype': ['only', 'exactly 1'], 'generalize': [], 'specialize': [], 'prop_variant': [], 'negative': True}",['featuring tender chicken and a blend of spices that give it a distinctive Cajun kick.']
173,PolloAdAstra,hasTopping,GarlicTopping,some,"{'remove': True, 'variant_rtype': ['only', 'exactly 1'], 'generalize': [], 'specialize': [], 'prop_variant': [], 'negative': True}","['Topped with fresh garlic, creamy mozzarella, and vibrant red onions.']"
174,PolloAdAstra,hasTopping,SweetPepperTopping,some,"{'remove': True, 'variant_rtype': ['only', 'exactly 1'], 'generalize': [], 'specialize': [], 'prop_variant': [], 'negative': True}","['it also includes sweet peppers and juicy tomatoes, creating a colorful and appetizing dish.']"
175,PolloAdAstra,hasTopping,TomatoTopping,some,"{'remove': True, 'variant_rtype': ['only', 'exactly 1'], 'generalize': ['VegetableTopping'], 'specialize': [], 'prop_variant': [], 'negative': True}","['it also includes sweet peppers and juicy tomatoes, creating a colorful and appetizing dish.']"
176,PrawnsTopping,hasIngredient,PrawnsTopping,some,"{'remove': True, 'variant_rtype': ['only', 'exactly 1'], 'generalize': [], 'specialize': [], 'prop_variant': ['isBaseOf', 'isIngredientOf', 'isToppingOf'], 'negative': True}","['This topping brings the delightful taste of the ocean to your pizza, featuring tender and succulent prawns that enhance the overall flavor profile.']"
177,PrawnsTopping,hasSpiciness,Mild,some,"{'remove': True, 'variant_rtype': ['only', 'exactly 1'], 'generalize': [], 'specialize': [], 'prop_variant': [], 'negative': True}","['With a mild spiciness, it complements a variety of ingredients without overwhelming them, making it a popular choice for those looking to elevate their pizza experience with a touch of seafood.']"
178,PrawnsTopping,hasTopping,FishTopping,some,"{'remove': True, 'variant_rtype': ['only', 'exactly 1'], 'generalize': [], 'specialize': [], 'prop_variant': [], 'negative': True}","['PrawnsTopping is a type of FishTopping, which includes various seafood toppings for pizzas.']"
179,PrinceCarlo,hasBase,PizzaBase,some,"{'remove': True, 'variant_rtype': ['only', 'exactly 1'], 'generalize': [], 'specialize': [], 'prop_variant': ['isBaseOf'], 'negative': True}","['The base is crafted to provide the perfect foundation for these ingredients, ensuring that every slice is as satisfying as it is delicious.']"
180,PrinceCarlo,hasTopping,CheeseTopping,some,"{'remove': True, 'variant_rtype': ['only', 'exactly 1'], 'generalize': [], 'specialize': [], 'prop_variant': [], 'negative': True}",['This delightful pizza features a harmonious blend of toppings that include creamy mozzarella and rich Parmesan.']
181,PrinceCarlo,hasTopping,HerbSpiceTopping,some,"{'remove': True, 'variant_rtype': ['only', 'exactly 1'], 'generalize': [], 'specialize': [], 'prop_variant': [], 'negative': True}",['This delightful pizza features a harmonious blend of toppings that include fragrant rosemary.']
182,PrinceCarlo,hasTopping,VegetableTopping,some,"{'remove': True, 'variant_rtype': ['only', 'exactly 1'], 'generalize': [], 'specialize': ['TomatoTopping'], 'prop_variant': [], 'negative': True}","['This delightful pizza features a harmonious blend of toppings that include savory leeks, creamy mozzarella, rich Parmesan, fragrant rosemary, and fresh tomatoes.']"
183,QuattroFormaggi,hasBase,PizzaBase,some,"{'remove': True, 'variant_rtype': ['only', 'exactly 1'], 'generalize': [], 'specialize': [], 'prop_variant': ['isBaseOf'], 'negative': True}","[""It's crafted on a traditional pizza base, ensuring that each bite is both satisfying and delicious.""]"
184,QuattroFormaggi,hasTopping,CheeseTopping,some,"{'remove': True, 'variant_rtype': ['only', 'exactly 1'], 'generalize': [], 'specialize': [], 'prop_variant': [], 'negative': True}","['This delightful pizza is a celebration of cheese, featuring a rich blend of four distinct varieties that create a creamy and indulgent experience.']"
185,QuattroFormaggi,hasTopping,TomatoTopping,some,"{'remove': True, 'variant_rtype': ['only', 'exactly 1'], 'generalize': ['VegetableTopping'], 'specialize': [], 'prop_variant': [], 'negative': True}","['Complemented by a classic tomato base, this pizza offers a perfect balance of flavors and textures.']"
186,RedOnionTopping,hasIngredient,OnionTopping,some,"{'remove': True, 'variant_rtype': ['only', 'exactly 1'], 'generalize': [], 'specialize': [], 'prop_variant': ['isBaseOf', 'isIngredientOf', 'isToppingOf'], 'negative': True}","['Its vibrant color not only makes the pizza visually appealing but also brings a fresh, aromatic quality that pairs well with a variety of other ingredients.']"
187,RedOnionTopping,hasSpiciness,Medium,some,"{'remove': True, 'variant_rtype': ['only', 'exactly 1'], 'generalize': [], 'specialize': [], 'prop_variant': [], 'negative': True}","['With a medium level of spiciness, it enhances the overall taste experience without overwhelming the palate.']"
188,RedOnionTopping,hasTopping,VegetableTopping,some,"{'remove': True, 'variant_rtype': ['only', 'exactly 1'], 'generalize': [], 'specialize': ['TomatoTopping'], 'prop_variant': [], 'negative': True}","['This topping adds a delightful crunch and a slightly sweet, tangy flavor to pizzas, making it a popular choice for those who enjoy a bit of zest.']"
189,RedOnionTopping,isToppingOf,NamedPizza,some,"{'remove': True, 'variant_rtype': ['only', 'exactly 1'], 'generalize': [], 'specialize': [], 'prop_variant': ['hasIngredient', 'isBaseOf', 'isIngredientOf'], 'negative': True}","['This topping adds a delightful crunch and a slightly sweet, tangy flavor to pizzas, making it a popular choice for those who enjoy a bit of zest.']"
190,RocketTopping,hasSpiciness,Medium,some,"{'remove': True, 'variant_rtype': ['only', 'exactly 1'], 'generalize': [], 'specialize': [], 'prop_variant': [], 'negative': True}","['This topping adds a unique flavor to pizzas, bringing a medium level of spiciness that enhances the overall taste.']"
191,RocketTopping,hasTopping,VegetableTopping,some,"{'remove': True, 'variant_rtype': ['only', 'exactly 1'], 'generalize': [], 'specialize': ['TomatoTopping'], 'prop_variant': [], 'negative': True}","['Typically categorized as a vegetable topping, it offers both texture and a burst of flavor, making it a delightful addition to various pizza combinations.']"
192,Rosa,hasBase,PizzaBase,some,"{'remove': True, 'variant_rtype': ['only', 'exactly 1'], 'generalize': [], 'specialize': [], 'prop_variant': ['isBaseOf'], 'negative': True}","['(Each slice is crafted with a specific type of pizza base that complements the toppings perfectly, creating a satisfying culinary experience.)']"
193,Rosa,hasTopping,GorgonzolaTopping,some,"{'remove': True, 'variant_rtype': ['only', 'exactly 1'], 'generalize': [], 'specialize': [], 'prop_variant': [], 'negative': True}","['(This delightful pizza variety features a harmonious blend of Gorgonzola, Mozzarella, and Tomato toppings, ensuring every bite is rich and flavorful.)']"
194,Rosa,hasTopping,MozzarellaTopping,some,"{'remove': True, 'variant_rtype': ['only', 'exactly 1'], 'generalize': [], 'specialize': [], 'prop_variant': [], 'negative': True}","['(This delightful pizza variety features a harmonious blend of Gorgonzola, Mozzarella, and Tomato toppings, ensuring every bite is rich and flavorful.)']"
195,Rosa,hasTopping,TomatoTopping,some,"{'remove': True, 'variant_rtype': ['only', 'exactly 1'], 'generalize': ['VegetableTopping'], 'specialize': [], 'prop_variant': [], 'negative': True}","['(This delightful pizza variety features a harmonious blend of Gorgonzola, Mozzarella, and Tomato toppings, ensuring every bite is rich and flavorful.)']"
196,RosemaryTopping,hasSpiciness,Mild,some,"{'remove': True, 'variant_rtype': ['only', 'exactly 1'], 'generalize': [], 'specialize': [], 'prop_variant': [], 'negative': True}","['This delightful topping adds a fragrant, earthy flavor to your pizza, enhancing it with its mild spiciness.']"
197,RosemaryTopping,isIngredientOf,PizzaTopping,some,"{'remove': True, 'variant_rtype': ['only', 'exactly 1'], 'generalize': [], 'specialize': [], 'prop_variant': ['hasIngredient', 'isBaseOf', 'isToppingOf'], 'negative': True}","['Often used in Mediterranean cuisine, it brings a touch of aromatic freshness that complements a variety of ingredients.']"
198,RosemaryTopping,isToppingOf,NamedPizza,some,"{'remove': True, 'variant_rtype': ['only', 'exactly 1'], 'generalize': [], 'specialize': [], 'prop_variant': ['hasIngredient', 'isBaseOf', 'isIngredientOf'], 'negative': True}","['It brings a touch of aromatic freshness that complements a variety of ingredients, making it a perfect choice for those looking to elevate their pizza experience.']"
199,SauceTopping,hasTopping,PizzaTopping,some,"{'remove': True, 'variant_rtype': ['only', 'exactly 1'], 'generalize': [], 'specialize': [], 'prop_variant': [], 'negative': True}","['SauceTopping enhances the taste and texture of pizza, serving as a foundation for additional toppings, which indicates that it can have other types of pizza toppings associated with it.']"
200,Siciliana,hasBase,PizzaBase,exactly 1,"{'remove': True, 'variant_rtype': ['some', 'only'], 'generalize': [], 'specialize': [], 'prop_variant': ['isBaseOf'], 'negative': True}","['The base is crafted from a traditional pizza dough, providing the perfect foundation for this medley of ingredients.']"
201,Siciliana,hasIngredient,Food,some,"{'remove': True, 'variant_rtype': ['only', 'exactly 1'], 'generalize': [], 'specialize': [], 'prop_variant': ['isBaseOf', 'isIngredientOf', 'isToppingOf'], 'negative': True}",['This delightful pizza variety features a rich combination of toppings that come together to create a unique flavor profile.']
202,Siciliana,hasTopping,FishTopping,some,"{'remove': True, 'variant_rtype': ['only', 'exactly 1'], 'generalize': [], 'specialize': [], 'prop_variant': [], 'negative': True}","['Each slice is adorned with anchovies, artichokes, garlic, ham, mozzarella, olives, and tomatoes, ensuring that every bite is bursting with taste.']"
203,Siciliana,hasTopping,VegetableTopping,some,"{'remove': True, 'variant_rtype': ['only', 'exactly 1'], 'generalize': [], 'specialize': ['TomatoTopping'], 'prop_variant': [], 'negative': True}","['Each slice is adorned with anchovies, artichokes, garlic, ham, mozzarella, olives, and tomatoes, ensuring that every bite is bursting with taste.']"
204,SlicedTomatoTopping,hasSpiciness,Mild,some,"{'remove': True, 'variant_rtype': ['only', 'exactly 1'], 'generalize': [], 'specialize': [], 'prop_variant': [], 'negative': True}","['Known for its mild taste, it perfectly complements a variety of other ingredients...']"
205,SlicedTomatoTopping,hasTopping,TomatoTopping,some,"{'remove': True, 'variant_rtype': ['only', 'exactly 1'], 'generalize': ['VegetableTopping'], 'specialize': [], 'prop_variant': [], 'negative': True}","['This delightful topping adds a fresh and juicy element to any pizza, featuring slices of ripe tomatoes...']"
206,SlicedTomatoTopping,isToppingOf,NamedPizza,some,"{'remove': True, 'variant_rtype': ['only', 'exactly 1'], 'generalize': [], 'specialize': [], 'prop_variant': ['hasIngredient', 'isBaseOf', 'isIngredientOf'], 'negative': True}","['It perfectly complements a variety of other ingredients, making it a popular choice among pizza lovers...']"
207,SloppyGiuseppe,hasBase,PizzaBase,some,"{'remove': True, 'variant_rtype': ['only', 'exactly 1'], 'generalize': [], 'specialize': [], 'prop_variant': ['isBaseOf'], 'negative': True}","['(The description mentions a ""base topped with a rich medley of ingredients,"" indicating that SloppyGiuseppe has a base, which is a type of PizzaBase.)']"
208,SloppyGiuseppe,hasIngredient,Food,some,"{'remove': True, 'variant_rtype': ['only', 'exactly 1'], 'generalize': [], 'specialize': [], 'prop_variant': ['isBaseOf', 'isIngredientOf', 'isToppingOf'], 'negative': True}","['(The ingredients mentioned in the description, such as ""green peppers,"" ""hot spiced beef,"" ""mozzarella cheese,"" ""onions,"" and ""tomatoes,"" are all types of Food, indicating that SloppyGiuseppe has these as ingredients.)']"
209,SloppyGiuseppe,hasSpiciness,Spiciness,some,"{'remove': True, 'variant_rtype': ['only', 'exactly 1'], 'generalize': [], 'specialize': [], 'prop_variant': [], 'negative': True}","['(The description refers to the ""savory kick of hot spiced beef,"" suggesting that SloppyGiuseppe has a level of spiciness, which can be classified under Spiciness.)']"
210,SloppyGiuseppe,hasTopping,PizzaTopping,some,"{'remove': True, 'variant_rtype': ['only', 'exactly 1'], 'generalize': [], 'specialize': [], 'prop_variant': [], 'negative': True}","['(The description highlights a ""delightful combination of flavors"" with various toppings such as ""green peppers,"" ""hot spiced beef,"" ""mozzarella cheese,"" ""onions,"" and ""tomatoes,"" which are all classified under PizzaTopping.)']"
211,Soho,hasBase,PizzaBase,some,"{'remove': True, 'variant_rtype': ['only', 'exactly 1'], 'generalize': [], 'specialize': [], 'prop_variant': ['isBaseOf'], 'negative': True}","['This delightful pizza variety features a harmonious blend of flavors, showcasing a base that perfectly supports a medley of toppings.']"
212,Soho,hasIngredient,Food,some,"{'remove': True, 'variant_rtype': ['only', 'exactly 1'], 'generalize': [], 'specialize': [], 'prop_variant': ['isBaseOf', 'isIngredientOf', 'isToppingOf'], 'negative': True}","['Together, these ingredients create a mouthwatering experience that celebrates the art of pizza-making, ensuring that every bite is a delicious adventure.']"
213,Soho,hasTopping,PizzaTopping,some,"{'remove': True, 'variant_rtype': ['only', 'exactly 1'], 'generalize': [], 'specialize': [], 'prop_variant': [], 'negative': True}","['Each slice is adorned with the rich taste of garlic, the creamy goodness of mozzarella, the briny essence of olives, the nutty notes of parmesan, the fresh zest of rocket, and the classic tang of tomatoes.']"
214,Spiciness,hasSpiciness,Spiciness,some,"{'remove': True, 'variant_rtype': ['only', 'exactly 1'], 'generalize': [], 'specialize': [], 'prop_variant': [], 'negative': True}","['(This category represents a way to describe the heat level of a dish, particularly in the context of pizza, encompassing a range of flavors from pleasantly mild to intensely hot.)']"
215,SpinachTopping,hasTopping,VegetableTopping,some,"{'remove': True, 'variant_rtype': ['only', 'exactly 1'], 'generalize': [], 'specialize': ['TomatoTopping'], 'prop_variant': [], 'negative': True}","['SpinachTopping is categorized under VegetableTopping, indicating that it is a type of topping derived from vegetables, which aligns with its description as a nutritious element that enhances the flavor and visual appeal of pizzas.']"
216,SultanaTopping,hasSpiciness,Medium,some,"{'remove': True, 'variant_rtype': ['only', 'exactly 1'], 'generalize': [], 'specialize': [], 'prop_variant': [], 'negative': True}",['This delightful topping adds a burst of flavor to your pizza with its unique combination of sweetness and a moderate level of spiciness.']
217,SultanaTopping,isToppingOf,NamedPizza,some,"{'remove': True, 'variant_rtype': ['only', 'exactly 1'], 'generalize': [], 'specialize': [], 'prop_variant': ['hasIngredient', 'isBaseOf', 'isIngredientOf'], 'negative': True}","['Perfect for those who enjoy a bit of heat without overwhelming their palate, this topping is a favorite for adventurous eaters looking to elevate their pizza game.']"
218,SundriedTomatoTopping,hasSpiciness,Mild,some,"{'remove': True, 'variant_rtype': ['only', 'exactly 1'], 'generalize': [], 'specialize': [], 'prop_variant': [], 'negative': True}",['It brings a mild spiciness that enhances the overall taste without overwhelming the palate.']
219,SundriedTomatoTopping,hasTopping,TomatoTopping,some,"{'remove': True, 'variant_rtype': ['only', 'exactly 1'], 'generalize': ['VegetableTopping'], 'specialize': [], 'prop_variant': [], 'negative': True}","['This ingredient adds a rich, tangy flavor to your pizza... Perfect for those who enjoy a subtle kick.']"
220,SundriedTomatoTopping,isToppingOf,NamedPizza,some,"{'remove': True, 'variant_rtype': ['only', 'exactly 1'], 'generalize': [], 'specialize': [], 'prop_variant': ['hasIngredient', 'isBaseOf', 'isIngredientOf'], 'negative': True}",['This topping makes pizzas not only more flavorful but also adds a touch of gourmet sophistication.']
221,SweetPepperTopping,hasSpiciness,Mild,some,"{'remove': True, 'variant_rtype': ['only', 'exactly 1'], 'generalize': [], 'specialize': [], 'prop_variant': [], 'negative': True}","['Known for its mildness, it complements other ingredients beautifully, making it a favorite choice for those who prefer a more subtle taste profile.']"
222,ThinAndCrispyBase,hasTopping,PizzaTopping,some,"{'remove': True, 'variant_rtype': ['only', 'exactly 1'], 'generalize': [], 'specialize': [], 'prop_variant': [], 'negative': True}","['This type of pizza base is characterized by its lightweight and crunchy texture, offering a delightful crispness that enhances the overall eating experience. It serves as a delicate foundation for a variety of toppings, allowing the flavors to shine without being overly filling.']"
223,TobascoPepperSauce,hasSpiciness,Hot,some,"{'remove': True, 'variant_rtype': ['only', 'exactly 1'], 'generalize': [], 'specialize': [], 'prop_variant': [], 'negative': True}","['This flavorful sauce adds a fiery kick to any dish, known for its intense heat that can elevate the taste experience.']"
224,TobascoPepperSauce,isIngredientOf,PizzaTopping,some,"{'remove': True, 'variant_rtype': ['only', 'exactly 1'], 'generalize': [], 'specialize': [], 'prop_variant': ['hasIngredient', 'isBaseOf', 'isToppingOf'], 'negative': True}",['Itâ€™s a popular choice for those who enjoy a spicy twist in their meals.']
225,TobascoPepperSauce,isToppingOf,NamedPizza,some,"{'remove': True, 'variant_rtype': ['only', 'exactly 1'], 'generalize': [], 'specialize': [], 'prop_variant': ['hasIngredient', 'isBaseOf', 'isIngredientOf'], 'negative': True}","['Often drizzled over pizza, it brings a distinctive and zesty flavor that pairs well with a variety of toppings, making it a favorite for spice lovers.']"
226,TomatoTopping,hasIngredient,TomatoTopping,some,"{'remove': True, 'variant_rtype': ['only', 'exactly 1'], 'generalize': ['VegetableTopping'], 'specialize': [], 'prop_variant': ['isBaseOf', 'isIngredientOf', 'isToppingOf'], 'negative': True}",['Its vibrant red color not only makes the dish visually appealing but also provides a juicy texture that complements other ingredients beautifully.']
227,TomatoTopping,hasSpiciness,Mild,some,"{'remove': True, 'variant_rtype': ['only', 'exactly 1'], 'generalize': [], 'specialize': [], 'prop_variant': [], 'negative': True}","['Perfect for those who enjoy a subtle kick, this topping is a staple in many classic pizza recipes.']"
228,TomatoTopping,isToppingOf,NamedPizza,some,"{'remove': True, 'variant_rtype': ['only', 'exactly 1'], 'generalize': [], 'specialize': [], 'prop_variant': ['hasIngredient', 'isBaseOf', 'isIngredientOf'], 'negative': True}","['This topping adds a fresh and zesty flavor to pizzas, offering a mild taste that enhances the overall experience without overwhelming the palate.']"
229,UnclosedPizza,hasBase,PizzaBase,exactly 1,"{'remove': True, 'variant_rtype': ['some', 'only'], 'generalize': [], 'specialize': [], 'prop_variant': ['isBaseOf'], 'negative': True}","['The base of this pizza is essential, providing the necessary support for all the delicious ingredients piled on top.']"
230,UnclosedPizza,hasIngredient,MozzarellaTopping,some,"{'remove': True, 'variant_rtype': ['only', 'exactly 1'], 'generalize': [], 'specialize': [], 'prop_variant': ['isBaseOf', 'isIngredientOf', 'isToppingOf'], 'negative': True}","['A key ingredient is the presence of mozzarella, which adds a creamy and rich flavor that complements the other toppings beautifully.']"
231,UnclosedPizza,hasTopping,PizzaTopping,some,"{'remove': True, 'variant_rtype': ['only', 'exactly 1'], 'generalize': [], 'specialize': [], 'prop_variant': [], 'negative': True}","['This type of pizza is characterized by its open structure, allowing for a delightful combination of toppings to be showcased.']"
232,ValuePartition,hasIngredient,Pizza,some,"{'remove': True, 'variant_rtype': ['only', 'exactly 1'], 'generalize': [], 'specialize': [], 'prop_variant': ['isBaseOf', 'isIngredientOf', 'isToppingOf'], 'negative': True}","['(This concept refers to a specific portion of the overall value of a pizza, which can be divided based on various criteria such as size, toppings, or ingredients.)']"
233,ValuePartition,hasSpiciness,Spiciness,some,"{'remove': True, 'variant_rtype': ['only', 'exactly 1'], 'generalize': [], 'specialize': [], 'prop_variant': [], 'negative': True}","['(This division can be useful for pricing strategies, menu design, or even customer preferences, as it highlights the significance of each part in relation to the whole.)']"
234,ValuePartition,hasTopping,PizzaTopping,some,"{'remove': True, 'variant_rtype': ['only', 'exactly 1'], 'generalize': [], 'specialize': [], 'prop_variant': [], 'negative': True}","['(It helps in understanding how the different components contribute to the total worth of the pizza, allowing for a detailed analysis of what makes each selection unique.)']"
235,Veneziana,hasBase,PizzaBase,some,"{'remove': True, 'variant_rtype': ['only', 'exactly 1'], 'generalize': [], 'specialize': [], 'prop_variant': ['isBaseOf'], 'negative': True}",['all resting on a classic pizza base.']
236,Veneziana,hasCountryOfOrigin,Country,some,"{'remove': True, 'variant_rtype': ['only', 'exactly 1'], 'generalize': [], 'specialize': [], 'prop_variant': [], 'negative': True}","['Originating from a specific country, this pizza is not just a meal but a taste of culinary tradition...']"
237,Veneziana,hasTopping,CaperTopping,some,"{'remove': True, 'variant_rtype': ['only', 'exactly 1'], 'generalize': [], 'specialize': [], 'prop_variant': [], 'negative': True}","['This delightful pizza features a harmonious blend of toppings that includes capers, mozzarella cheese, olives, onions, pine kernels, sultanas, and tomatoes...']"
238,Veneziana,hasTopping,FruitTopping,some,"{'remove': True, 'variant_rtype': ['only', 'exactly 1'], 'generalize': [], 'specialize': [], 'prop_variant': [], 'negative': True}","['This delightful pizza features a harmonious blend of toppings that includes capers, mozzarella cheese, olives, onions, pine kernels, sultanas, and tomatoes...']"
239,Veneziana,hasTopping,MozzarellaTopping,some,"{'remove': True, 'variant_rtype': ['only', 'exactly 1'], 'generalize': [], 'specialize': [], 'prop_variant': [], 'negative': True}","['This delightful pizza features a harmonious blend of toppings that includes capers, mozzarella cheese, olives, onions, pine kernels, sultanas, and tomatoes...']"
240,Veneziana,hasTopping,NutTopping,some,"{'remove': True, 'variant_rtype': ['only', 'exactly 1'], 'generalize': [], 'specialize': [], 'prop_variant': [], 'negative': True}","['This delightful pizza features a harmonious blend of toppings that includes capers, mozzarella cheese, olives, onions, pine kernels, sultanas, and tomatoes...']"
241,Veneziana,hasTopping,OliveTopping,some,"{'remove': True, 'variant_rtype': ['only', 'exactly 1'], 'generalize': [], 'specialize': [], 'prop_variant': [], 'negative': True}","['This delightful pizza features a harmonious blend of toppings that includes capers, mozzarella cheese, olives, onions, pine kernels, sultanas, and tomatoes...']"
242,Veneziana,hasTopping,OnionTopping,some,"{'remove': True, 'variant_rtype': ['only', 'exactly 1'], 'generalize': [], 'specialize': [], 'prop_variant': [], 'negative': True}","['This delightful pizza features a harmonious blend of toppings that includes capers, mozzarella cheese, olives, onions, pine kernels, sultanas, and tomatoes...']"
243,Veneziana,hasTopping,TomatoTopping,some,"{'remove': True, 'variant_rtype': ['only', 'exactly 1'], 'generalize': ['VegetableTopping'], 'specialize': [], 'prop_variant': [], 'negative': True}","['This delightful pizza features a harmonious blend of toppings that includes capers, mozzarella cheese, olives, onions, pine kernels, sultanas, and tomatoes...']"
